飞机,fei1 ji1,airplane,Boya_Chapter_1
晚点,wan3 dian3,late; behind schedule,Boya_Chapter_1
进,jin4,advance; enter; to come in,Boya_Chapter_1
看见,kan4 jian4,to see; to catch sight of,Boya_Chapter_1
接,jie1,to meet; to welcome; to receive; to join,Boya_Chapter_1
送,song4,to deliver; to carry; to give (as a present); to present (with); to see off; to send,Boya_Chapter_1
父母,fu4 mu3,father and mother; parents,Boya_Chapter_1
回,hui2,(a measure word for matters or actions) a time; to circle; to go back; to turn around; to answer; to return; to revolve,Boya_Chapter_1
航班,hang2 ban1,flight or voyage number,Boya_Chapter_1
奇怪,qi2 guai4,strange; odd,Boya_Chapter_1
查,cha2,to research; to check; to investigate; to examine; to refer to; to search,Boya_Chapter_1
次,ci4,nth; number (of times); order; sequence; next; second(ary); (measure word),Boya_Chapter_1
日记,ri4 ji4,diary,Boya_Chapter_1
晴,qing2,sunny; clear; fine (weather),Boya_Chapter_1
转,zhuan3,to change; to transfer; to turn; to shift,Boya_Chapter_1
阴,yin1,(of weather) overcast; Yin; feminine; moon; cloudy; negative (electric.); shady,Boya_Chapter_1
父亲,fu4 qin1,father,Boya_Chapter_1
母亲,mu3 qin1,mother (formal),Boya_Chapter_1
机会,ji1 hui4,opportunity; chance; occasion,Boya_Chapter_1
机场,ji1 chang3,airport; management; to manage; to administer,Boya_Chapter_1
正点,zheng4 dian3,on time; on schedule,Boya_Chapter_1
起飞,qi3 fei1,to take off (in an airplane),Boya_Chapter_1
遇到,yu4 dao4,to meet; to run into; to come across,Boya_Chapter_1
泰国,tai4 guo2,Thailand; Thai,Boya_Chapter_1
心情,xin1 qing2,mood; frame of mind,Boya_Chapter_1
登机手续,deng1 ji1 shou3 xu4,check in,Boya_Chapter_1
登机口,deng1 ji1 kou3,gate (of airport),Boya_Chapter_1
搬,ban1,remove; transport; move; shift,Boya_Chapter_2
外面,wai4 mian5,outside,Boya_Chapter_2
房子,fang2 zi5,house,Boya_Chapter_2
银行,yin2 hang2,bank,Boya_Chapter_2
方便,fang1 bian4,convenient,Boya_Chapter_2
离,li2,to leave; to depart; to go away; from,Boya_Chapter_2
近,jin4,near; close (to); approximately,Boya_Chapter_2
房租,fang2 zu1,(n) rent money,Boya_Chapter_2
比,bi3,compare; than; (particle used for comparison),Boya_Chapter_2
厨房,chu2 fang2,kitchen,Boya_Chapter_2
主要,zhu3 yao4,main; principal; major; primary,Boya_Chapter_2
周围,zhou1 wei2,encompass; surrounding,Boya_Chapter_2
练习,lian4 xi2,practice; exercise; drill,Boya_Chapter_2
好处,hao3 chu5,good; benefit; advantage,Boya_Chapter_2
注意,zhu4 yi4,keep an eye on; take note of; (pay) attention (to),Boya_Chapter_2
合适,he2 shi4,suitable; fit; decent,Boya_Chapter_2
中介所,zhong1 jie4 suo3,agent; intermediary,Boya_Chapter_2
发现,fa1 xian4,to find; to discover,Boya_Chapter_2
进步,jin4 bu4,progress,Boya_Chapter_2
以前,yi3 qian2,before; formerly; previous,Boya_Chapter_2
水平,shui3 ping2,"level (of achievement, etc.); standard",Boya_Chapter_2
高,gao1,high; tall,Boya_Chapter_2
流利,liu2 li4,fluent,Boya_Chapter_2
原来,yuan2 lai2,so; it turns out; originally; formerly,Boya_Chapter_2
套,tao4,"to cover; covering; case; cover; (a measure word, a set of something); sheath",Boya_Chapter_2
公寓,gong1 yu4,apartment,Boya_Chapter_2
远,yuan3,far; distant; remote,Boya_Chapter_2
平房,ping2 fang2,one-story house; bungalow,Boya_Chapter_2
暖气,nuan3 qi4,central heating; heater,Boya_Chapter_2
难过,nan2 guo4,have a hard time; feel sorry; be grieved,Boya_Chapter_2
衬衫,chen4 shan1,shirt; blouse,Boya_Chapter_3
同志,tong2 zhi4,comrade,Boya_Chapter_3
走散,zou3 san4,get lost; stray,Boya_Chapter_3
不久,bu4 jiu3,not long (after); before too long; soon; soon after,Boya_Chapter_3
年纪,nian2 ji4,age,Boya_Chapter_3
长,chang2,grow,Boya_Chapter_3
样子,yang4 zi5,appearance; manner; air; looks; aspect,Boya_Chapter_3
头发,tou2 fa5,hair (on the head),Boya_Chapter_3
眼睛,yan3 jing5,eye,Boya_Chapter_3
个子,ge4 zi5,height; stature; build; size,Boya_Chapter_3
米,mi3,(measure word) meter; rice,Boya_Chapter_3
牛仔裤,niu2 zai3 ku4,jeans,Boya_Chapter_3
背,bei4,to be burdened; to carry on the back or shoulder,Boya_Chapter_3
包,bao1,to cover; to wrap; to hold; to include; to take charge of; package; wrapper; container; bag; to hold or embrace; bundle; packet; to contract (to or for),Boya_Chapter_3
左右,zuo3 you4,about; approximately; left and right; around,Boya_Chapter_3
寻,xun2,to search; to look for; to seek,Boya_Chapter_3
物,wu4,thing; object; matter,Boya_Chapter_3
启事,qi3 shi4,notice,Boya_Chapter_3
南,nan2,south,Boya_Chapter_3
操场,cao1 chang3,playground; sports field,Boya_Chapter_3
丢,diu1,to lose; to put aside; to throw,Boya_Chapter_3
里面,li3 mian4,inside; interior,Boya_Chapter_3
支,zhi1,(a measure word),Boya_Chapter_3
笔,bi3,pen; pencil; writing brush; to write or compose; the strokes of Chinese characters,Boya_Chapter_3
本子,ben3 zi5,book; notebook; edition,Boya_Chapter_3
拾,shi2,pick up; ten (fraud-proof),Boya_Chapter_3
者,zhe3,"-ist, -er (person); person (who does sth)",Boya_Chapter_3
或者,huo4 zhe3,or; possibly; maybe; perhaps,Boya_Chapter_3
联系,lian2 xi4,connection; contact; relation; contact; (in) touch (with); to integrate; to link,Boya_Chapter_3
感谢,gan3 xie4,(express) thanks; gratitude; grateful; thankful; thanks,Boya_Chapter_3
安娜,an1 na4,Anna (person's name),Boya_Chapter_3
德国人,de2 guo2 ren2,German person or people,Boya_Chapter_3
T恤,T xu4,T-shirt,Boya_Chapter_3
洗澡,xi3 zao3,bathe,Boya_Chapter_3
短,duan3,lack; short,Boya_Chapter_4
一样,yi1 yang4,same; as … as; like; equal to; the same as; just like,Boya_Chapter_4
地方,di4 fang5,part; area; place; local,Boya_Chapter_4
比如说,bi3 ru2 shuo1,for example,Boya_Chapter_4
面积,mian4 ji5,area,Boya_Chapter_4
人口,ren2 kou3,population,Boya_Chapter_4
发达,fa1 da2,"developed (country, etc.); flourishing; to develop",Boya_Chapter_4
国家,guo2 jia1,country; nation,Boya_Chapter_4
发展,fa1 zhan3,development; growth; to develop; to grow; to expand,Boya_Chapter_4
人们,ren2 men5,people,Boya_Chapter_4
上班,shang4 ban1,to go to work; to be on duty; to start work; to go to the office,Boya_Chapter_4
上学,shang4 xue2,to go to school; to attend school,Boya_Chapter_4
开,kai1,drive; operate (vehicle); open; start,Boya_Chapter_4
亿,yi4,a hundred million; calculate,Boya_Chapter_4
到处,dao4 chu4,in all places; everywhere,Boya_Chapter_4
下班,xia4 ban1,to come or go or get off work,Boya_Chapter_4
汽车,qi4 che1,car; automobile; bus,Boya_Chapter_4
像,xiang4,(look) like; similar (to); look; appearance; to look; to appear; to seem; image; portrait; resemble; seem,Boya_Chapter_4
河流,he2 liu2,river,Boya_Chapter_4
壮观,zhuang4 guan1,spectacular; magnificent site,Boya_Chapter_4
种类,zhong3 lei4,class; kind; sort; species,Boya_Chapter_4
菜系,cai4 xi4,cuisine,Boya_Chapter_4
名胜古迹,ming2 sheng4 gu3 ji4,scenic spots and historical sites,Boya_Chapter_4
千,qian1,thousand,Boya_Chapter_4
民族,min2 zu2,nationality; ethnic group,Boya_Chapter_4
亚洲,ya4 zhou1,Asia; Asian,Boya_Chapter_4
平方公里,ping2 fang1 gong1 li3,square kilometer,Boya_Chapter_4
俄罗斯,e2 luo2 si1,Russia,Boya_Chapter_4
据说,ju4 shuo1,it is said that; reportedly,Boya_Chapter_4
家,jia1,(measure word for stores and schools),Boya_Chapter_5
餐厅,can1 ting1,dining room; dining-hall,Boya_Chapter_5
位,wei4,position; location; (measure word for persons); place; seat,Boya_Chapter_5
女士,nuu3 shi4,lady; madam,Boya_Chapter_5
饱,bao3,to eat till full; satisfied,Boya_Chapter_5
点,dian3,to order; point; dot,Boya_Chapter_5
经常,jing1 chang2,often; frequently; regularly,Boya_Chapter_5
饭馆,fan4 guan3,"restaurant, hotel",Boya_Chapter_5
偶尔,ou3 er3,occasionally; once in a while,Boya_Chapter_5
第,di4,"(prefix before a number, for ordering numbers, e.g.",Boya_Chapter_5
煮,zhu3,to cook; to boil,Boya_Chapter_5
方便面,fang1 bian4 mian4,instant noodles,Boya_Chapter_5
肚子,du4 zi5,belly; abdomen,Boya_Chapter_5
火锅,huo3 guo1,hotpot,Boya_Chapter_5
开张,kai1 zhang1,open,Boya_Chapter_5
酒水,jiu3 shui3,beverages; drinks,Boya_Chapter_5
免费,mian3 fei4,free (of charge),Boya_Chapter_5
跟,gen1,to follow; to go with; heel; with; and,Boya_Chapter_5
环境,huan2 jing4,environment; circumstances; surroundings,Boya_Chapter_5
服务员,fu2 wu4 yuan2,waiter; waitress; server,Boya_Chapter_5
态度,tai4 du5,attitude; manner; bearing; approach,Boya_Chapter_5
价钱,jia4 qian5,price,Boya_Chapter_5
算,suan4,be cosidered; regard as; to figure; to calculate,Boya_Chapter_5
公道,gong1 dao5,fair; just; equitable,Boya_Chapter_5
辣,la4,hot (spicy); pungent,Boya_Chapter_5
广告,guang3 gao4,advertisement,Boya_Chapter_6
栏,lan2,column; railing; fence,Boya_Chapter_6
广告栏,guang3 gao4 lan2,classifieds; ad columns,Boya_Chapter_6
贴,tie1,to stick; to paste; to keep close to; to fit snugly; allowance,Boya_Chapter_6
通知,tong1 zhi1,circular; notify; inform; notice; notification,Boya_Chapter_6
围,wei2,to enclose; to circle; to surround,Boya_Chapter_6
发生,fa1 sheng1,to happen; to occur; to take place,Boya_Chapter_6
过去,guo4 qu5,(in the) past; former; previous; to go over; to pass by,Boya_Chapter_6
活动,huo2 dong4,activity; exercise; behavior,Boya_Chapter_6
读,du2,read,Boya_Chapter_6
交流,jiao1 liu2,to comunicate; to exchange; to alternate,Boya_Chapter_6
学院,xue2 yuan4,college; educational institute; school; faculty,Boya_Chapter_6
将,jiang1,"be going to; (will, shall, ""futurer tense""); to get; to use",Boya_Chapter_6
组织,zu3 zhi1,to organize; organization,Boya_Chapter_6
郊区,jiao1 qu1,suburban district; outskirts; suburbs,Boya_Chapter_6
参观,can1 guan1,to look around; to inspect; visit and observe,Boya_Chapter_6
学生证,xue2 sheng5 zheng4,student ID,Boya_Chapter_6
办公室,ban4 gong1 shi4,office,Boya_Chapter_6
办,ban4,to do; to manage; to handle; to go about; to run; to set up; to deal with,Boya_Chapter_6
手续,shou3 xu4,procedure; formalities,Boya_Chapter_6
马上,ma3 shang4,at once; right away; immediately,Boya_Chapter_6
拿,na2,to hold; to seize; to catch; to apprehend; to take,Boya_Chapter_6
为了,wei4 le5,in order to; for the purpose of; so as to,Boya_Chapter_6
鼓励,gu3 li4,to encourage,Boya_Chapter_6
积极,ji1 ji2,active; energetic; vigorous; positive (outlook); proactive,Boya_Chapter_6
体育,ti3 yu4,physical culture; physical training; sports,Boya_Chapter_6
运动,yun4 dong4,movement; campaign; sports,Boya_Chapter_6
举办,ju3 ban4,to conduct; to hold,Boya_Chapter_6
篮球,lan2 qiu2,basketball,Boya_Chapter_6
地点,di4 dian3,place; site; location,Boya_Chapter_6
部,bu4,"ministry; department; section; part; division; troops; board; (a measure word); (a measure word for works of literature, films, machines, etc.)",Boya_Chapter_6
该,gai1,that; the above-mentioned; most likely; to deserve; should; ought to; owe,Boya_Chapter_7
冰箱,bing1 xiang1,icebox; refrigerator; freezer,Boya_Chapter_7
苹果,ping2 guo3,apple,Boya_Chapter_7
报,bao4,newspaper; report; to announce; to inform; recompense; revenge,Boya_Chapter_7
水果,shui3 guo3,fruit,Boya_Chapter_7
再说,zai4 shuo1,and then; furthermore; what's more; besides,Boya_Chapter_7
橘子,ju2 zi5,orange,Boya_Chapter_7
酸,suan1,sour; tart; acid,Boya_Chapter_7
维生素,wei2 sheng1 su4,vitamin,Boya_Chapter_7
结果,jie2 guo3,outcome; result,Boya_Chapter_7
放,fang4,to release; to free; to let go; to put; to place; to let out,Boya_Chapter_7
塞,sai1,to fill; to stuff; to squeeze in,Boya_Chapter_7
满,man3,full; filled; packed; to fill; to fulfill,Boya_Chapter_7
猜,cai1,to guess,Boya_Chapter_7
动物,dong4 wu4,animal,Boya_Chapter_7
胖,pang4,fat; plump,Boya_Chapter_7
毛,mao2,dime; hair; pore; fur,Boya_Chapter_7
耳朵,er3 duo5,ear,Boya_Chapter_7
四肢,si4 zhi1,(n) the four limbs of the body,Boya_Chapter_7
眼圈,yan3 quan1,rim of the eye,Boya_Chapter_7
戴,dai4,to put on; to respect; to bear; to support; wear (glasses; hat; gloves),Boya_Chapter_7
副,fu4,secondary; auxiliary; deputy; assistant; vice-; (measure word for a pair),Boya_Chapter_7
墨镜,mo4 jing4,sunglasses,Boya_Chapter_7
食物,shi2 wu4,food,Boya_Chapter_7
竹子,zhu2 zi5,bamboo,Boya_Chapter_7
出来,chu5 lai5,to come out; to emerge,Boya_Chapter_7
熊猫,xiong2 mao1,panda,Boya_Chapter_7
西南地区,xi1 nan2 di4 qu1,South-west region of China,Boya_Chapter_7
粗,cu1,coarse; rough; thick; unfinished; vulgar; rude; crude,Boya_Chapter_7
柱子,zhu4 zi5,pillar,Boya_Chapter_7
扇子,shan4 zi5,fan,Boya_Chapter_7
勤劳,qin2 lao2,hardworking; industrious; diligent,Boya_Chapter_7
精彩,jing1 cai3,spectacular; exciting; brilliant; splendid,Boya_Chapter_8
赢,ying2,to beat; to win; to profit,Boya_Chapter_8
输,shu1,to lose; to be beaten,Boya_Chapter_8
踢,ti1,kick; play (football or soccer),Boya_Chapter_8
平,ping2,flat; level; equal; to make the same score; to tie; to draw; calm; peaceful,Boya_Chapter_8
怪,guai4,queer; to blame,Boya_Chapter_8
浪费,lang4 fei4,to waste; to squander,Boya_Chapter_8
射门,she4 men2,shoot (at the goal),Boya_Chapter_8
胜利,sheng4 li4,victory,Boya_Chapter_8
一块儿,yi1 kuai4 r5,(adv) together; (n) at the same location,Boya_Chapter_8
洗澡,xi3 zao3,bathe,Boya_Chapter_8
对手,dui4 shou3,opponent; adversary; match,Boya_Chapter_8
数学,shu4 xue2,mathematic; mathematics,Boya_Chapter_8
厉害,li4 hai5,tough,Boya_Chapter_8
加油,jia1 you2,to make an extra effort; to cheer sb. on,Boya_Chapter_8
响,xiang3,to make a sound; to sound; to ring; (a measure word for sound); loud,Boya_Chapter_8
听见,ting1 jian4,hear,Boya_Chapter_8
醒,xing3,to wake up; to be awake,Boya_Chapter_8
急忙,ji2 mang2,hastily,Boya_Chapter_8
爬,pa2,crawl; climb,Boya_Chapter_8
起来,qi5 lai5,upward movement; beginning or continuing an action; stand up,Boya_Chapter_8
推,tui1,push; refuse (responsibility); shove,Boya_Chapter_8
气,qi4,gas; air; smell; weather; vital breath; to make sb. angry; to get angry; to be enraged,Boya_Chapter_8
扔,reng3,throw,Boya_Chapter_8
上去,shang4 qu4,(v) go upwards,Boya_Chapter_8
下来,xia4 lai5,come down,Boya_Chapter_8
乌龟,wu1 gui1,tortoise,Boya_Chapter_8
后悔,hou4 hui3,to regret; to repent; regretful,Boya_Chapter_8
腿,tui3,leg,Boya_Chapter_9
拐,guai3,limp; to turn; kidnap,Boya_Chapter_9
来不及,lai2 bu5 ji2,there's not enough time (to do sth.); it's too late (to do sth.),Boya_Chapter_9
窗户,chuang1 hu5,window,Boya_Chapter_9
层,ceng2,a measure word for layers; laminated; repeated; floor; story (of a building); layer,Boya_Chapter_9
隔壁,ge2 bi4,next door,Boya_Chapter_9
水房,shui3 fang2,washing room,Boya_Chapter_9
危险,wei1 xian3,danger; dangerous,Boya_Chapter_9
往,wang3,to go (in a direction); past; previous; towards,Boya_Chapter_9
跳,tiao4,jump; hop; skip (a grade); to leap; to bounce; to beat,Boya_Chapter_9
一下子,yi1 xia4 zi5,in a short while; all at once; all of a sudden,Boya_Chapter_9
摔,shuai1,throw on ground; to fall,Boya_Chapter_9
变成,bian4 cheng2,to change into; to turn into; to become,Boya_Chapter_9
近视,jin4 shi4,shortsighted; myopia,Boya_Chapter_9
清楚,qing1 chu5,clear; clearly understood; distinct,Boya_Chapter_9
脱,tuo1,to shed; to take off; to escape; to get away from,Boya_Chapter_9
挂,gua4,hang; suspend,Boya_Chapter_9
墙,qiang2,wall,Boya_Chapter_9
掉,diao4,to drop; to fall,Boya_Chapter_9
只,zhi1,"(a measure word, for birds and some animals, etc.); single; only",Boya_Chapter_9
苍蝇,cang1 ying5,(n) house fly,Boya_Chapter_9
立刻,li4 ke4,forthwith; immediate; prompt; promptly; straightway; thereupon; at once,Boya_Chapter_9
飞,fei1,to fly,Boya_Chapter_9
蚊子,wen2 zi5,mosquito,Boya_Chapter_9
落,luo4,go down; fall; leave behind,Boya_Chapter_9
轻,qing1,hydrogen; light; easy; gentle; soft,Boya_Chapter_9
巴掌,ba1 zhang3,palm; hand,Boya_Chapter_9
突然,tu1 ran2,sudden; abrupt; unexpected,Boya_Chapter_9
钉子,ding1 zi5,nail; snag,Boya_Chapter_9
承认,cheng2 ren4,recognize; to acknowledge; to admit,Boya_Chapter_9
庙,miao4,temple; monastery,Boya_Chapter_9
农村,nong2 cun1,Boya_Chapter_10,
所,suo3,"(M) for houses, schools, buildings, etc.; actually; place",Boya_Chapter_10
敬老院,jing4 lao3 yuan4,old folk's home; home for the aged,Boya_Chapter_10
幼儿园,you4 er2 yuan2,kindergarten; nursery school,Boya_Chapter_10
游戏,you2 xi4,game,Boya_Chapter_10
农民,nong2 min2,farmer; peasant,Boya_Chapter_10
山,shan1,mountain; hill,Boya_Chapter_10
古老,gu3 lao3,ancient; old; age-old,Boya_Chapter_10
雄伟,xiong2 wei3,grand,Boya_Chapter_10
百,bai3,hundred,Boya_Chapter_10
云,yun2,cloud; say,Boya_Chapter_10
草,cao3,grass; straw; draft (of a document); careless; rough; manuscript; hasty,Boya_Chapter_10
鸟,niao3,bird,Boya_Chapter_10
幅,fu2,(measure word for textile or picture); width; roll,Boya_Chapter_10
后悔,hou4 hui3,to regret; to repent,Boya_Chapter_10
阳光,yang2 guang1,sunshine,Boya_Chapter_10
灿烂,can4 lan4,brilliant; glorious; glitter,Boya_Chapter_10
巨龙,ju4 long2,huge dragon,Boya_Chapter_10
卧,wo4,to lie; to crouch,Boya_Chapter_10
山峰,shan1 feng1,(mountain) peak,Boya_Chapter_10
朝,chao2,to face; towards; facing; direct; a dynasty; the imperial court,Boya_Chapter_10
延伸,yan2 shen1,to stretch; to extend; to spread,Boya_Chapter_10
站,zhan4,station; to stand; to halt; to stop,Boya_Chapter_10
笑,xiao4,laugh; smile,Boya_Chapter_10
右,you4,right (-hand),Boya_Chapter_10
食指,shi2 zhi3,forefinger,Boya_Chapter_10
中指,zhong1 zhi3,middle finger,Boya_Chapter_10
摆,bai3,to lay; to set; to place; to display; to exhibit,Boya_Chapter_10
T恤衫,T xu4 shan1,T-shirt,Boya_Chapter_10
行,xing2,(M); line; row,Boya_Chapter_10
登,deng1,scale; climb; ascend; mount; go up; register; note; to publish; to issue; to record,Boya_Chapter_10
长城,chang2 cheng2,the Great Wall,Boya_Chapter_10
工厂,gong1 chang3,factory; mill,Boya_Chapter_10
难忘,nan2 wang4,unforgettable,Boya_Chapter_10
种,zhong4,to plant,Boya_Chapter_10
西红柿,xi1 hong2 shi4,tomato,Boya_Chapter_11
炒,chao3,saute; pan-fry; to fry,Boya_Chapter_11
鸡蛋,ji1 dan4,chicken egg,Boya_Chapter_11
教,jiao4,teach,Boya_Chapter_11
家常菜,jia1 chang2 cai4,home-made dish (food),Boya_Chapter_11
把,ba3,(a measure word); (marker for direct-object); to hold; to contain; to grasp; to take hold of,Boya_Chapter_11
筷子,kuai4 zi5,chopsticks,Boya_Chapter_11
搅拌,jiao3 ban4,to mix; to stir; to agitate,Boya_Chapter_11
均匀,jun1 yun2,even; well-distributed,Boya_Chapter_11
切,qie1,to cut; to slice,Boya_Chapter_11
块儿,kuai4 er2,piece,Boya_Chapter_11
火,huo3,fire,Boya_Chapter_11
点着,dian3 zhe5,light a fire,Boya_Chapter_11
锅,guo1,pot; wok; pan; boiler,Boya_Chapter_11
油,you2,oil; sly,Boya_Chapter_11
熟,shou2,cooked,Boya_Chapter_11
加,jia1,to add; plus,Boya_Chapter_11
白糖,bai2 tang2,(refined) white sugar,Boya_Chapter_11
最后,zui4 hou4,final; at last; last; finally; ultimate,Boya_Chapter_11
盐,yan2,salt,Boya_Chapter_11
尝,chang2,indicator of past tense; to taste; flavor; already; ever; once; test; already; formerly,Boya_Chapter_11
特点,te4 dian3,characteristic (feature); trait; feature,Boya_Chapter_11
闻,wen2,smell; sniff at,Boya_Chapter_11
香,xiang1,(of food) savory; appetizing; delicious,Boya_Chapter_11
原料,yuan2 liao4,raw material,Boya_Chapter_11
克,ke4,gram; subdue; to restrain; to overcome,Boya_Chapter_11
淀粉,dian4 fen3,starch,Boya_Chapter_11
做法,zuo4 fa3,way of doing things; a (regular) practice; a behavior,Boya_Chapter_11
迅速,xun4 su4,rapid; speedy; fast,Boya_Chapter_11
咸,xian2,salted; salty,Boya_Chapter_11
可口,ke3 kou3,tasty; to taste good,Boya_Chapter_11
营养,ying2 yang3,nutrition; nourishment,Boya_Chapter_11
丰富,feng1 fu4,rich; abundant; plentiful,Boya_Chapter_11
土豆,tu3 dou4,potato,Boya_Chapter_11
辣椒,la4 jiao1,hot pepper; chili,Boya_Chapter_11
醋,cu4,vinegar,Boya_Chapter_11
酱油,jiang4 you2,soy sauce,Boya_Chapter_11
味精,wei4 jing1,MSG,Boya_Chapter_11
葱,cong1,scallion; green onion,Boya_Chapter_11
劳驾,lao2 jia4,excuse me,Boya_Chapter_12
纸,zhi3,paper,Boya_Chapter_12
箱子,xiang1 zi5,box; bin,Boya_Chapter_12
按,an4,according to; in the light of; to press (with the hand); to push; to control,Boya_Chapter_12
顺序,shun4 xu4,sequence; order,Boya_Chapter_12
弄,nong4,to do; to make; to handle; to play with; to fool with; to mess with,Boya_Chapter_12
乱,luan4,in confusion; disorderly,Boya_Chapter_12
桌子,zhuo1 zi5,table; desk,Boya_Chapter_12
小心,xiao3 xin1,careful,Boya_Chapter_12
重,zhong4,heavy; serious,Boya_Chapter_12
碰,peng4,to touch; to meet with; to bump,Boya_Chapter_12
先生,xian1 sheng5,sir; mister; teacher; (title of respect),Boya_Chapter_12
辛苦,xin1 ku3,hard; laborious; exhausting; with much toil,Boya_Chapter_12
保洁公司,bao3 jie2 gong1 si1,sanitation company,Boya_Chapter_12
服务,fu2 wu4,to serve; service,Boya_Chapter_12
姓名,xing4 ming2,name and surname,Boya_Chapter_12
地址,di4 zhi3,address,Boya_Chapter_12
小区,xiao3 qu1,residential compound,Boya_Chapter_12
单元,dan1 yuan2,(n) unit; entrance number,Boya_Chapter_12
看中,kan4 zhong4,take a fancy to,Boya_Chapter_12
居民,ju1 min2,resident; dweller; inhabitant,Boya_Chapter_12
南边,nan2 bian5,(n) location to the south,Boya_Chapter_12
公园,gong1 yuan2,a public park,Boya_Chapter_12
下棋,xia4 qi2,to play chess,Boya_Chapter_12
站,zhan4,station; to stop; to halt; to stand,Boya_Chapter_12
满意,man3 yi4,to be satisfied; to be pleased; satisfied; pleased,Boya_Chapter_12
认为,ren4 wei2,to believe; to think; to consider; to feel,Boya_Chapter_12
条件,tiao2 jian4,condition; prerequisite; factor,Boya_Chapter_12
虽然,sui1 ran2,although; even though,Boya_Chapter_12
但是,dan4 shi4,but; however,Boya_Chapter_12
华美小区,hua2 mei3 xiao3 qu1,Huamei Residential Complex,Boya_Chapter_12
西山,xi1 shan1,Xi Mountain,Boya_Chapter_12
房东,fang2 dong1,landlord; landlady,Boya_Chapter_12
药店,yao4 dian4,pharmacy; drugstore,Boya_Chapter_12
封,feng1,to confer; to grant; to seal; (a measure word),Boya_Chapter_13
收到,shou1 dao4,receive,Boya_Chapter_13
原谅,yuan2 liang4,to excuse; to forgive; to pardon,Boya_Chapter_13
一切,yi1 qie4,all; every; everything,Boya_Chapter_13
转眼,zhuan3 yan3,in the blink of an eye,Boya_Chapter_13
去年,qu4 nian2,last year,Boya_Chapter_13
难过,nan2 guo4,feel sad; feel bad or sorry; feel sorry; be grieved,Boya_Chapter_13
程度,cheng2 du4,degree (level or extent); level,Boya_Chapter_13
提高,ti2 gao1,raise; improve; increase,Boya_Chapter_13
交,jiao1,to deliver; to turn over; to make friends; to intersect (lines); to pay (money),Boya_Chapter_13
不但,bu4 dan4,not only (… but also…),Boya_Chapter_13
而且,er2 qie3,not only … but also ….; … as well as …; moreover; in addition,Boya_Chapter_13
各,ge4,various; each; every,Boya_Chapter_13
互相,hu4 xiang1,each other; mutually; mutual,Boya_Chapter_13
越来越,yue4 lai2 yue4,more and more,Boya_Chapter_13
…分之…,… fen1 zhi1 …,percent,Boya_Chapter_13
简化字,jian3 hua4 zi4,simplified Chinese characters,Boya_Chapter_13
进行,jin4 xing2,to carry out; to carry on; to advance; to conduct,Boya_Chapter_13
会话,hui4 hua4,dialog; conversation,Boya_Chapter_13
将来,jiang1 lai2,(the) future,Boya_Chapter_13
基本,ji1 ben3,on the whole; basic; fundamental; main,Boya_Chapter_13
菜单,cai4 dan1,menu,Boya_Chapter_13
中餐,zhong1 can1,Chinese meat; Chinese food,Boya_Chapter_13
地道,di4 dao5,authentic; genuine,Boya_Chapter_13
今年,jin1 nian2,this year,Boya_Chapter_13
延长,yan2 chang2,extend; prolong,Boya_Chapter_13
明年,ming2 nian2,next year,Boya_Chapter_13
了解,liao3 jie3,comprehend; understand; come to understand; find out,Boya_Chapter_13
文化,wen2 hua4,culture; civilization; cultural,Boya_Chapter_13
成功,cheng2 gong1,success; to succeed,Boya_Chapter_14
画家,hua4 jia1,painter,Boya_Chapter_14
得,de5,obtain; get; gain; proper; suitable; proud; contented; allow; permit; ready; finished,Boya_Chapter_14
以为,yi3 wei2,consider (that); believe,Boya_Chapter_14
其实,qi2 shi2,actually; that is not the case; in fact; really,Boya_Chapter_14
只要,zhi3 yao4,if only; so long as,Boya_Chapter_14
坚持,jian1 chi2,to continue upholding; to remain committed to; persistence; to persist; to uphold; to insist on; persevere,Boya_Chapter_14
理想,li3 xiang3,ideal,Boya_Chapter_14
实现,shi2 xian4,to accomplish; to achieve; to implement; to realize; to bring about,Boya_Chapter_14
高中,gao1 zhong4,high and middle,Boya_Chapter_14
年级,nian2 ji2,grade,Boya_Chapter_14
暂时,zan4 shi2,temporarily; for the time being; temporary; provisional,Boya_Chapter_14
停止,ting2 zhi3,to stop; to halt; to cease,Boya_Chapter_14
后来,hou4 lai2,afterwards; later,Boya_Chapter_14
辞,ci2,quit one's job; bid farewell; resign; say goodbye; take leave; decline,Boya_Chapter_14
游览,you2 lan3,to go sight-seeing; to tour; to visit,Boya_Chapter_14
正好,zheng4 hao3,just (in time); just right; just enough; to happen to; to chance to; by chance; it just so happens that,Boya_Chapter_14
专门,zhuan1 men2,especially; specialist; specialized; customized,Boya_Chapter_14
奖,jiang3,prize; award; encouragement,Boya_Chapter_14
产生,chan3 sheng1,come into being,Boya_Chapter_14
算,suan4,count; regard as; to figure; to calculate; to compute,Boya_Chapter_14
加,jia1,to add; plus,Boya_Chapter_14
等于,deng3 yu2,equal,Boya_Chapter_14
零,ling2,remnant; zero,Boya_Chapter_14
其他,qi2 ta1,other; else,Boya_Chapter_14
与…无关,yu3 … wu2 guan1,have nothing to do with,Boya_Chapter_14
同意,tong2 yi4,to agree; to consent; to approve,Boya_Chapter_14
祝贺,zhu4 he4,to congratulate; congratulations,Boya_Chapter_14
鼠,shu3,rat; mouse,Boya_Chapter_14
排,pai2,arrange (a sequence); line up; a platoon,Boya_Chapter_14
吱,zi1,squeak,Boya_Chapter_14
必须,bi4 xu1,to have to; must,Boya_Chapter_14
出现,chu1 xian4,to appear; to arise; to emerge,Boya_Chapter_14
吓,xia4,to frighten; to scare; to intimidate; to threaten,Boya_Chapter_14
呆,dai1,dumb; foolish; stupid; no expression; stay,Boya_Chapter_14
糊涂,hu2 tu5,confused; muddled; silly,Boya_Chapter_14
洞,dong4,cave; hole,Boya_Chapter_14
稍等,shao1 deng3,wait a minute; just a moment,Boya_Chapter_15
利用,li4 yong4,exploit; make use of; to use; to take advantage of; to utilize,Boya_Chapter_15
讲,jiang3,to talk; speech; to speak; to tell; to explain,Boya_Chapter_15
饭店,fan4 dian4,restaurant,Boya_Chapter_15
立,li4,erect; set up; to stand,Boya_Chapter_15
块,kuai4,"piece; limp; (a measure word, for cloth, cake, soap)",Boya_Chapter_15
牌子,pai2 zi5,sign; trademark,Boya_Chapter_15
周到,zhou1 dao4,thoughtful; considerate,Boya_Chapter_15
经济,jing1 ji4,economy; economic; economical,Boya_Chapter_15
实惠,shi2 hui4,(n) practical or substantial benefit; (adj) to be substantial; be real,Boya_Chapter_15
午饭,wu3 fan4,lunch,Boya_Chapter_15
蜡烛,la4 zhu2,candle,Boya_Chapter_15
安静,an1 jing4,quiet; peaceful; calm,Boya_Chapter_15
外衣,wai4 yi1,coat; outer clothing; semblance; appearance,Boya_Chapter_15
边,bian1,side; edge; margin; border; boundary,Boya_Chapter_15
坐位,zuo4 wei4,seat,Boya_Chapter_15
过来,guo4 lai5,to come over; to come up,Boya_Chapter_15
光临,guang1 lin2,(court.) be present; to attend,Boya_Chapter_15
扎啤,zha1 pi2,draught beer,Boya_Chapter_15
心,xin1,heart; mind,Boya_Chapter_15
自己,zi4 ji3,oneself; self; (reflexive pronoun); own,Boya_Chapter_15
人家,ren2 jia5,other people,Boya_Chapter_15
上,shang4,serve; upper; higher; above; previous; to climb; to go into; above; to go up,Boya_Chapter_15
汤,tang1,(surname); soup,Boya_Chapter_15
肉,rou4,meat; flesh,Boya_Chapter_15
丝,si1,silk; thread; threadlike thing; trace,Boya_Chapter_15
炸,zha2,deep fry,Boya_Chapter_15
牛排,niu2 pai2,steak,Boya_Chapter_15
羊,yang2,sheep; goat; (surname),Boya_Chapter_15
猪,zhu1,hog; pig; swine,Boya_Chapter_15
忍,ren3,to beat; to endure; to tolerate,Boya_Chapter_15
忍不住,ren3 bu5 zhu4,cannot help; unable to bear,Boya_Chapter_15
关于,guan1 yu2,concerning; with regards to; about,Boya_Chapter_15
敢,gan3,to dare,Boya_Chapter_15
靠,kao4,keep to; get near; depend upon; lean on; near; by; against; to support,Boya_Chapter_15
鸭蛋,ya1 dan4,duck's egg,Boya_Chapter_15
头儿,tou2 r5,top; tip; end; head (of a group),Boya_Chapter_16
香蕉,xiang1 jiao1,banana,Boya_Chapter_16
过,guo4,(past tense marker); to cross; to go over; to pass (time); to live; to get along; (surname),Boya_Chapter_16
句,ju4,"(a measure word, for sentences or lines of verse); sentence",Boya_Chapter_16
留下,liu2 xia4,leave somebody (with impression); remain,Boya_Chapter_16
深刻,shen1 ke4,profound; deep; deep-going,Boya_Chapter_16
印象,yin4 xiang4,impression,Boya_Chapter_16
总是,zong3 shi4,always,Boya_Chapter_16
尾巴,wei3 ba5,tail; end,Boya_Chapter_16
剥,bo1,to peel; to skin; to shell,Boya_Chapter_16
细,xi4,fine; minutely; thin; slender,Boya_Chapter_16
差别,cha1 bie2,difference; disparity,Boya_Chapter_16
启发,qi3 fa1,enlightenment,Boya_Chapter_16
种,zhong4,(M) for kind; type; kind; type; race (of people); seed; type,Boya_Chapter_16
改变,gai3 bian4,to change; to alter; to transform,Boya_Chapter_16
方式,fang1 shi4,fashion; pattern; style; mode; manner; way (of life),Boya_Chapter_16
戒烟,jie4 yan1,quit smoking,Boya_Chapter_16
难受,nan2 shou4,feel unwell; suffer pain,Boya_Chapter_16
活,huo2,to live; alive; living; work; workmanship,Boya_Chapter_16
万,wan4,(surname); ten thousand; a great number,Boya_Chapter_16
受罪,shou4 zui4,"endure hardship, torture, etc.",Boya_Chapter_16
算了,suan4 le5,forget it; let it be; let it pass,Boya_Chapter_16
失败,shi1 bai4,fail; lose; be defeated,Boya_Chapter_16
想法,xiang3 fa3,idea; what (someone) is thinking; to think of a way (to do sth),Boya_Chapter_16
道理,dao4 li5,reason; argument; sense; principle; basis; justification,Boya_Chapter_16
任何,ren4 he2,any; whatever; whichever; whatsoever,Boya_Chapter_16
事情,shi4 qing5,affair; matter; thing; business,Boya_Chapter_16
角度,jiao3 du4,angle; point of view,Boya_Chapter_16
必须,bi4 xu1,to have to; must,Boya_Chapter_16
节,jie2,(M) for class; festival; section; point; part,Boya_Chapter_16
核桃,he2 tao5,walnut; walnut seed,Boya_Chapter_16
莲子,lian2 zi3,(n) lotus seed,Boya_Chapter_16
实验,shi2 yan4,experiment; test; experimental,Boya_Chapter_16
装,zhuang1,fill; load; packad; ornment; adorn; costume; dress; clothing,Boya_Chapter_16
人生,ren2 sheng1,(n) life,Boya_Chapter_16
暑假,shu3 jia4,summer vacation,Boya_Chapter_17
约,yue1,to make an appointment; appointment; to arrange,Boya_Chapter_17
母校,mu3 xiao4,alma mater,Boya_Chapter_17
除了,chu2 le5,besides; apart from (… also…); in addition to; except (for),Boya_Chapter_17
从来,cong2 lai2,always; at all times; never (if used in negative sentence),Boya_Chapter_17
能够,neng2 gou4,be capable of; can; is able,Boya_Chapter_17
聚,ju4,get together; form gathering; gather,Boya_Chapter_17
讨论,tao3 lun4,to discuss; to talk over,Boya_Chapter_17
计划,ji4 hua4,plan; project; program; to plan; to map out,Boya_Chapter_17
离开,li2 kai1,to depart; to leave,Boya_Chapter_17
日子,ri4 zi5,a (calendar) date; days of (someone's) life; day; date,Boya_Chapter_17
实话,shi2 hua4,truth,Boya_Chapter_17
变化,bian4 hua4,change; vary,Boya_Chapter_17
共同,gong4 tong2,common; joint; jointly; together; collaborative,Boya_Chapter_17
话题,hua4 ti2,subject (of a talk or conversation); topic,Boya_Chapter_17
陌生,mo4 sheng1,strange; unfamiliar,Boya_Chapter_17
似乎,si4 hu1,apparently; to seem; to appear; as if; seemingly,Boya_Chapter_17
亲热,qin1 re4,affectionate; intimate; warm-hearted,Boya_Chapter_17
问好,wen4 hao3,say hello to; send one's regards to,Boya_Chapter_17
握手,wo4 shou3,to shake hands,Boya_Chapter_17
一边,yi1 bian1,at the same time; simultaneously; one side,Boya_Chapter_17
回忆,hui2 yi4,recall; recollect,Boya_Chapter_17
傻,sha3,foolish,Boya_Chapter_17
痛快,tong4 kuai5,to one's heart's content,Boya_Chapter_17
聊,liao2,to chat; to have a chat; to kill time,Boya_Chapter_17
亮,liang4,dawn; light; bright,Boya_Chapter_17
体育馆,ti3 yu4 guan3,gym; gymnasium; stadium,Boya_Chapter_17
曾经,ceng2 jing1,ever; (refers to something that happened previously); once; at one time,Boya_Chapter_17
照相,zhao4 xiang4,to take a photograph,Boya_Chapter_17
合影,he2 ying3,joint photo; group photo,Boya_Chapter_17
作为,zuo4 wei2,as; accomplish; action; to regard (sth as sth); to look upon (sth as); conduct,Boya_Chapter_17
留念,liu2 nian4,memento; keep as a souvenir,Boya_Chapter_17
愉快,yu2 kuai4,cheerful; cheerily; delightful; pleasant; pleasantly; pleasing; happy; delighted,Boya_Chapter_17
载,zai4,carry passengers,Boya_Chapter_17
扶,fu2,to support with hand; to help sb. up; to help,Boya_Chapter_17
腰,yao1,waist,Boya_Chapter_17
吃力,chi1 li4,entail strenuous effort; be a strain,Boya_Chapter_17
坡,po1,slope,Boya_Chapter_17
分别,fen1 bie2,part; difference; distinction; apart; separate; separately; respectively,Boya_Chapter_17
惟一,wei2 yi1,the only; sole,Boya_Chapter_17
场,chang2,"a courtyard; open space; place; field; a measure word; (a measure word, used for sport or recreation)",Boya_Chapter_18
演员,yan3 yuan2,actor or actress; performer,Boya_Chapter_18
台词,tai2 ci2,actor's lines,Boya_Chapter_18
演出,yan3 chu1,(acting) play; perform,Boya_Chapter_18
内容,nei4 rong2,content; substance; details,Boya_Chapter_18
完全,wan2 quan2,complete; whole; totally; entirely,Boya_Chapter_18
当时,dang1 shi2,then; at that time; while,Boya_Chapter_18
听力,ting1 li4,listening comprehension; hearing,Boya_Chapter_18
辅导,fu3 dao3,to coach; to tutor; to give advise (in study),Boya_Chapter_18
词汇,ci2 hui4,(list of) vocabulary,Boya_Chapter_18
量,liang4,qunatity,Boya_Chapter_18
增加,zeng1 jia1,to raise; to increase,Boya_Chapter_18
节目,jie2 mu4,program; item (on a program),Boya_Chapter_18
新闻,xin1 wen2,news,Boya_Chapter_18
广播,guang3 bo1,broadcast,Boya_Chapter_18
取得,qu3 de2,to achieve; to acquire; to get; to obtain,Boya_Chapter_18
句子,ju4 zi5,sentence,Boya_Chapter_18
难道,nan2 dao4,don't tell me …; could it be that…?,Boya_Chapter_18
差,cha1,inferior; short of; poor; to lack,Boya_Chapter_18
苦恼,ku3 nao3,vexed; worried; ail; annoy; distress; vexation; distressed; to be in misery,Boya_Chapter_18
普通话,pu3 tong1 hua4,Mandarin (common language); Putonghua (common speech of the Chinese language),Boya_Chapter_18
政治,zheng4 zhi4,politics; political,Boya_Chapter_18
教育,jiao4 yu4,to educate; to teach; education,Boya_Chapter_18
社会,she4 hui4,society,Boya_Chapter_18
情况,qing2 kuang4,circumstances; state of affairs; situation,Boya_Chapter_18
艺术,yi4 shu4,art,Boya_Chapter_18
等,deng3,class; rank; grade; equal to; same as; wait for; await; et cetera; and so on,Boya_Chapter_18
知识,zhi1 shi5,intellectual; knowledge-related; knowledge,Boya_Chapter_18
难吃,nan2 chi1,tasteless,Boya_Chapter_19
脆,cui4,crisp; brittle; clear and loud voice,Boya_Chapter_19
稀饭,xi1 fan4,porridge; gruel,Boya_Chapter_19
反应,fan3 ying4,reaction; response; reply,Boya_Chapter_19
别人,bie2 ren5,other people; others; other person,Boya_Chapter_19
照顾,zhao4 gu5,take (good) care of; show some consideration; to attend to; to look after,Boya_Chapter_19
关心,guan1 xin1,be concerned about; caring; concerned,Boya_Chapter_19
味儿,wei4 r5,smell; odor; taste; flavor,Boya_Chapter_19
有味儿,you3 wei4 r5,smell bad,Boya_Chapter_19
千万,qian1 wan4,by all means; absolutely; ten million; millions and millions; very many,Boya_Chapter_19
嫌,xian2,to complain of; to mind; to dislike,Boya_Chapter_19
臭,chou4,foul; stinking; stench; stink; smelly; to smell (bad),Boya_Chapter_19
抽(空儿),chou1 ( kong4 r5 ),manage to find time,Boya_Chapter_19
享受,xiang3 shou4,"to enjoy (rights, benefits, etc.)",Boya_Chapter_19
碗,wan3,bowl; cup; (measure word),Boya_Chapter_19
爱,ai4,to love; affection; to be fond of; to like,Boya_Chapter_19
牙齿,ya2 chi3,dental; tooth,Boya_Chapter_19
咬,yao3,bite; nip,Boya_Chapter_19
动,dong4,to use; to act; to move; to change,Boya_Chapter_19
出生,chu1 sheng1,to be born,Boya_Chapter_19
忙碌,mang2 lu4,busy; bustling,Boya_Chapter_19
能力,neng2 li4,capability; capable; able; ability,Boya_Chapter_19
人生,ren2 sheng1,(n) life,Boya_Chapter_19
经验,jing1 yan4,to experience; experience,Boya_Chapter_19
了,le5,"can; (used in conjunction with 得; 不, after a verb)",Boya_Chapter_19
未来,wei4 lai2,future; tomorrow; approaching; coming; pending,Boya_Chapter_19
遮,zhe1,keep out; shelter from; cover up (a shortcoming); screen off; to hide; to conceal,Boya_Chapter_19
挡,dang3,shield from; hinder; resist; obstruct; cover; keep off; to block; to get in the way of,Boya_Chapter_19
赶不上,gan3 bu4 shang4,can't keep up with; can't catch up with,Boya_Chapter_19
失去,shi1 qu4,to lose,Boya_Chapter_19
宁静,ning2 jing4,peaceful; calm; tranquil; tranquility,Boya_Chapter_19
吵,chao3,to quarrel; to make a noise; noisy; to disturb by making a noise,Boya_Chapter_19
顽皮,wan2 pi2,naughty,Boya_Chapter_19
口头语,kou3 tou2 yu3,speech mannerism,Boya_Chapter_19
海鸥,hai3 ou1,seagull,Boya_Chapter_19
寒假,han2 jia4,winter vacation,Boya_Chapter_20
爱人,ai4 ren5,spouse; husband; wife,Boya_Chapter_20
经过,jing1 guo4,to pass; to go through; process; course,Boya_Chapter_20
美丽,mei3 li4,beautiful,Boya_Chapter_20
清晨,qing1 chen2,early morning,Boya_Chapter_20
跟,gen1,to follow; to go with; heel; with; and,Boya_Chapter_20
穿过,chuan1 guo4,to pass through,Boya_Chapter_20
石块儿,shi2 kuai4 er2,stone,Boya_Chapter_20
拼,pin1,put; piece together; stake (all); spell; join together,Boya_Chapter_20
街道,jie1 dao4,street,Boya_Chapter_20
目的地,mu4 di4 di4,destination (location),Boya_Chapter_20
踏,ta4,tread; stamp; step on,Boya_Chapter_20
忽然,hu1 ran2,suddenly; all of a sudden,Boya_Chapter_20
阵,zhen4,(M) for sth. that happens abruptly and lats a short time; disposition of troops; short period; wave; spate; burst; spell,Boya_Chapter_20
飘,piao1,blow; drift about; to float,Boya_Chapter_20
不用,bu4 yong4,need not,Boya_Chapter_20
三三两两,san1 san1 liang3 liang3,in or by twos and threes,Boya_Chapter_20
瓷,ci2,chinaware; porcelain,Boya_Chapter_20
厚,hou4,generous; thick (for flat things),Boya_Chapter_20
捧,peng3,clasp; hold or offer with both hands,Boya_Chapter_20
惊讶,jing1 ya4,amazed; astounded; confound,Boya_Chapter_20
咦,yi2,well; why; expression of surprise,Boya_Chapter_20
转身,zhuan3 shen1,(of a person) to turn round; to face about,Boya_Chapter_20
凉,liang2,cool; cold,Boya_Chapter_20
淡,dan4,insipid; diluted; weak; light in color; tasteless; fresh; indifferent; nitrogen,Boya_Chapter_20
端,duan1,end; extremity; item; port; to hold sth. level with both hands; to carry; regular,Boya_Chapter_20
愿,yuan4,wish; sincere; willing,Boya_Chapter_20
认真,ren4 zhen1,concientious; earnest; serious; take seriously; take to heart,Boya_Chapter_20
仔细,zi3 xi4,careful; attentive; cautious,Boya_Chapter_20
洁白,jie2 bai2,spotlessly white; pure white,Boya_Chapter_20
温暖,wen1 nuan3,warm,Boya_Chapter_20
带动,dai4 dong4,to spur; to provide impetus; to drive,Boya_Chapter_20
欧洲,ou1 zhou1,Europe; European,Boya_Chapter_20
罗马,luo2 ma3,Rome; Roman,Boya_Chapter_20
发脾气,fa1 pi2 qi4,lose one's temper; (v) get angry,Boya_Chapter_20
吵架,chao3 jia4,to quarrel; to have a row,Boya_Chapter_20
控制,kong4 zhi4,to (have) control (over); to contain,Boya_Chapter_20
拔,ba2,pull up; pull out; select; promote,Boya_Chapter_20
老家,lao3 jia1,hometown; native place; place of origin; home state or region,Boya_Chapter_21
城,cheng2,city walls; city; town,Boya_Chapter_21
以外,yi3 wai4,beyond; outside of; external; apart from; other than; except for,Boya_Chapter_21
只有…才…,zhi3 you3 … cai2 …,only if,Boya_Chapter_21
连着,lian2 zhe5,continuously; in succession,Boya_Chapter_21
团圆,tuan2 yuan2,to have a reunion,Boya_Chapter_21
推销员,tui1 xiao1 yuan2,salesman,Boya_Chapter_21
羡慕,xian4 mu4,envious; envy; admire,Boya_Chapter_21
(跑)遍,( pao3 ) bian4,all over,Boya_Chapter_21
愿望,yuan4 wang4,desire; wish,Boya_Chapter_21
政府,zheng4 fu3,government,Boya_Chapter_21
实行,shi2 xing2,implement; carry out; to put into practice,Boya_Chapter_21
休假,xiu1 jia4,to take a vacation,Boya_Chapter_21
制度,zhi4 du4,(political) system or institution,Boya_Chapter_21
难得,nan2 de2,seldom; rare; hard to come by,Boya_Chapter_21
旅行社,luu3 xing2 she4,travel agency,Boya_Chapter_21
海边,hai3 bian1,beach; seaside,Boya_Chapter_21
晒,shai4,shine on; to sun,Boya_Chapter_21
草原,cao3 yuan2,grassland; prairie,Boya_Chapter_21
马,ma3,horse; Ma (a surname); 21st of month (tele.);,Boya_Chapter_21
制定,zhi4 ding4,lay down; work out; to draw up; to formulate,Boya_Chapter_21
省,sheng3,frugal; save; to omit; to leave out; to save (money); province,Boya_Chapter_21
普通,pu3 tong1,common; ordinary; general; average,Boya_Chapter_21
青年,qing1 nian2,youth; young people,Boya_Chapter_21
外国,wai4 guo2,foreign (country),Boya_Chapter_21
河北省,he2 bei3 sheng3,"(N) Hebei, a central China province",Boya_Chapter_21
黄金周,huang2 jin1 zhou1,Golden Week,Boya_Chapter_21
五一,wu3 yi1,"(May 1st), the International Labor Day",Boya_Chapter_21
十一,shi2 yi1,"(October 1), the PRC's national day",Boya_Chapter_21
黄河,huang2 he2,Yellow River (Huang He),Boya_Chapter_21
长江,chang2 jiang1,Changjiang River; Yangtze River,Boya_Chapter_21
奇迹,qi2 ji4,miracle,Boya_Chapter_21
感动,gan3 dong4,to move (sb); to touch; moving,Boya_Chapter_21
祖国,zu3 guo2,homeland; motherland,Boya_Chapter_21
退休,tui4 xiu1,retire; retirement (from work),Boya_Chapter_21
群,qun2,(M) for group; crowd; flock; group,Boya_Chapter_21
儿子,er2 zi5,son,Boya_Chapter_22
去世,qu4 shi4,to pass away; to die,Boya_Chapter_22
性格,xing4 ge2,nature; disposition; temperament; character; personality,Boya_Chapter_22
成绩,cheng2 ji4,performance,Boya_Chapter_22
愿意,yuan4 yi4,to wish; to want; ready; willing (to do sth),Boya_Chapter_22
谈话,tan2 hua4,talk; conversation,Boya_Chapter_22
结束,jie2 shu4,termination; to finish; to end; to conclude; to close,Boya_Chapter_22
缺课,que1 ke4,be absent from class,Boya_Chapter_22
物理,wu4 li3,physics; physical,Boya_Chapter_22
化学,hua4 xue2,chemistry; chemical,Boya_Chapter_22
外语,wai4 yu3,foreign language,Boya_Chapter_22
及格,ji2 ge2,to pass a test,Boya_Chapter_22
连…也/都,lian2 … ye3 / dou1,even,Boya_Chapter_22
批评,pi1 ping2,to criticize; criticism,Boya_Chapter_22
表扬,biao3 yang2,to praise; to commend,Boya_Chapter_22
作用,zuo4 yong4,result; effect; action; to play a role,Boya_Chapter_22
回答,hui2 da2,reply; answer,Boya_Chapter_22
成绩单,cheng2 ji4 dan1,school transcript,Boya_Chapter_22
家长,jia1 zhang3,the parent or guardian of a child,Boya_Chapter_22
会,hui4,meeting; to assemble; to meet; to gather,Boya_Chapter_22
记得,ji4 de5,to remember,Boya_Chapter_22
点头,dian3 tou2,nod,Boya_Chapter_22
本来,ben3 lai2,original; originally; at first; it goes without saying; of course,Boya_Chapter_22
玩笑,wan2 xiao4,joke; jest,Boya_Chapter_22
开玩笑,kai1 wan2 xiao4,to play a joke; to make fun of; to joke,Boya_Chapter_22
决心,jue2 xin1,determination; resolution; determined; firm and resolute; to make up one's mind,Boya_Chapter_22
成为,cheng2 wei2,to become; to turn into,Boya_Chapter_22
骄傲,jiao1 ao4,proud; arrogant; conceited; full of oneself,Boya_Chapter_22
打工,da3 gong1,to do manual labor; to work part-time,Boya_Chapter_22
家教,jia1 jiao4,family teacher; to tutor; tutor,Boya_Chapter_22
课余,ke4 yu2,after school,Boya_Chapter_22
听讲,ting1 jiang3,attend a lecture; listen to a talk,Boya_Chapter_22
故意,gu4 yi4,intentionally; deliberately; on purpose,Boya_Chapter_22
放弃,fang4 qi4,to renounce; to abandon; to give up,Boya_Chapter_22
不管,bu4 guan3,"no matter (what, how); regardless of; no matter",Boya_Chapter_22
开学,kai1 xue2,school opens; new term begins,Boya_Chapter_23
主任,zhu3 ren4,director; head,Boya_Chapter_23
叫,jiao4,ask; let; to (be) call(ed),Boya_Chapter_23
聚餐,ju4 can1,have a dinner party,Boya_Chapter_23
既,ji4,not only… (but also); already; since; both… (and…),Boya_Chapter_23
沟通,gou1 tong1,communicate,Boya_Chapter_23
报到,bao4 dao4,report for duty; check in; register,Boya_Chapter_23
熟悉,shu2 xi1,familiar; to know well,Boya_Chapter_23
于是,yu2 shi4,there upon; hence,Boya_Chapter_23
紧,jin3,tight; nervous; strict; close,Boya_Chapter_23
挨着,ai1 zhe5,be next to,Boya_Chapter_23
接着,jie1 zhe5,follow; carry on,Boya_Chapter_23
顿,dun4,a time; jerk; stop; meal; bout; spell; (measure word for meals),Boya_Chapter_23
小声,xiao3 sheng1,in a low voice; (speak) in whispers,Boya_Chapter_23
哈哈,ha1 ha1,(an onomatopoeia for laughing),Boya_Chapter_23
从前,cong2 qian2,once upon a time; previously; formerly,Boya_Chapter_23
外号,wai4 hao4,nickname,Boya_Chapter_23
馋,chan2,ravenous; gluttonous; greedy,Boya_Chapter_23
老婆,lao3 po2,(informal) wife,Boya_Chapter_23
不管…都,bu4 guan3 … dou1,no matter,Boya_Chapter_23
宴会,yan4 hui4,banquet; feast,Boya_Chapter_23
屋子,wu1 zi5,house; room,Boya_Chapter_23
牛奶,niu2 nai3,milk,Boya_Chapter_23
烙饼,lao4 bing3,baked wheat pancake,Boya_Chapter_23
犯,fan4,have recurrence of (wrong or bad things); to violate; to offend,Boya_Chapter_23
非…不可,fei1 … bu4 ke3,must,Boya_Chapter_23
摸,mo1,feel with the hand; to touch; to stroke; to grope; to feel (one's pulse),Boya_Chapter_23
脸,lian3,face,Boya_Chapter_23
敢,gan3,to dare,Boya_Chapter_23
狠心,hen3 xin1,cruel; callous; heartless,Boya_Chapter_23
馒头,man2 tou5,steamed roll; steamed bun; steamed bread,Boya_Chapter_23
似的,shi4 de5,seem as if; rather like,Boya_Chapter_23
女儿,nuu3 er2,daughter,Boya_Chapter_23
挨打,ai2 da3,take a beating; get a thrashing; come under attack,Boya_Chapter_23
哭,ku1,to cry; to weep,Boya_Chapter_23
抱,bao4,to hold; to carry (in one's arms); to hug or embrace; surround; cherish,Boya_Chapter_23
擦,ca1,to wipe; to erase; rubbing (brush stroke in painting); to clean; to polish,Boya_Chapter_23
声音,sheng1 yin1,voice; sound,Boya_Chapter_23
面包,mian4 bao1,bread,Boya_Chapter_23
汤,tang1,(surname); soup,Boya_Chapter_23
蔡,cai4,(surname),Boya_Chapter_23
范,fan4,pattern; model; example; (surname),Boya_Chapter_23
琼斯,qiong2 si1,Jones,Boya_Chapter_23
太太,tai4 tai5,married woman; Mrs.; Madam; wife,Boya_Chapter_23
护照,hu4 zhao4,passport,Boya_Chapter_23
船,chuan2,a boat; vessel; ship,Boya_Chapter_23
实在,shi2 zai4,in reality; honestly; really; verily; concrete,Boya_Chapter_23
哲学家,zhe2 xue2 jia1,philosopher,Boya_Chapter_24
迷,mi2,enchant; bewilder; crazy about; fan; enthusiast,Boya_Chapter_24
姑娘,gu1 niang5,girl; lady,Boya_Chapter_24
敲,qiao1,extort; knock; to strike; to knock (at a door); to hit,Boya_Chapter_24
错过,cuo4 guo4,miss,Boya_Chapter_24
仍然,reng2 ran2,still; yet,Boya_Chapter_24
研究,yan2 jiu1,study; research,Boya_Chapter_24
哲学,zhe2 xue2,philosophy,Boya_Chapter_24
精神,jing1 shen5,vigor; vitality; drive; spiritual,Boya_Chapter_24
坏处,huai4 chu5,(n) harm; troubles; disadvantage,Boya_Chapter_24
分别,fen1 bie2,difference; distinction; apart; separate; separately; respectively,Boya_Chapter_24
列,lie4,list; row; file; series; to arrange; to line up,Boya_Chapter_24
复杂,fu4 za2,complicated; complex,Boya_Chapter_24
结论,jie2 lun4,(reach a) conclusion; verdict,Boya_Chapter_24
选择,xuan3 ze2,choice; to choose; to make a choice; to select; to pick,Boya_Chapter_24
面前,mian4 qian2,in (the) face of; before; in front of; facing; presence,Boya_Chapter_24
经历,jing1 li4,experience; go through,Boya_Chapter_24
娶,qu3,take a wife,Boya_Chapter_24
被,bei4,by (marker for passive-voice sentences or clauses); quilt; blanket; to cover; to wear,Boya_Chapter_24
挡,dang3,ward off; hinder; resist; obstruct; hinder; cover; keep off; a cover; to block; to get in the way of,Boya_Chapter_24
几乎,ji1 hu1,almost; nearly; practically,Boya_Chapter_24
相信,xiang1 xin4,be convinced (that something is true); believe; to accept sth. as true,Boya_Chapter_24
重病,zhong4 bing4,be seriously ill,Boya_Chapter_24
临,lin2,to face; to overlook; to arrive; to be (just) about to; just before,Boya_Chapter_24
所有,suo3 you3,all; to have; to possess; to own,Boya_Chapter_24
分,fen1,to separate; to divide,Boya_Chapter_24
段,duan4,part; section; segment; paragraph,Boya_Chapter_24
犹豫,you2 yu4,hesitate,Boya_Chapter_24
万幸,wan4 xing4,by sheer luck,Boya_Chapter_24
李涛,li3 tao1,Li Tao,Boya_Chapter_24
于娜,yu2 nuo2,Yu Na,Boya_Chapter_24
追求,zhui1 qiu2,"be after (sb.); seek; pursue (a goal, etc)",Boya_Chapter_24
消息,xiao1 xi5,news; information,Boya_Chapter_24
塌,ta1,sink; collapse,Boya_Chapter_24
豆,dou4,bean; sacrificial vessel,Boya_Chapter_24
叹气,tan4 qi4,sigh; heave a sigh,Boya_Chapter_24
怀疑,huai2 yi2,to doubt; to suspect; doubt; suspicion,Boya_Chapter_24
抢,qiang3,grab,Boya_Chapter_24
冒险,mao4 xian3,take a risk,Boya_Chapter_24
点心,dian3 xin5,light refreshments; pastry,Boya_Chapter_25
负责,fu4 ze2,in charge of; to be responsible for (sth),Boya_Chapter_25
卖,mai4,to sell,Boya_Chapter_25
生意,sheng1 yi5,business; trade,Boya_Chapter_25
椅子,yi3 zi5,chair,Boya_Chapter_25
耐心,nai4 xin1,patient (adjective),Boya_Chapter_25
群,qun2,(M) for group; crowd; flock; group,Boya_Chapter_25
渐渐,jian4 jian4,gradually,Boya_Chapter_25
悄悄,qiao1 qiao1,quietly; silently,Boya_Chapter_25
校园,xiao4 yuan2,campus,Boya_Chapter_25
相处,xiang1 chu3,get along,Boya_Chapter_25
亲密,qin1 mi4,(adj) intimate; close,Boya_Chapter_25
替,ti4,to substitute for; to take the place of; to replace; for; on behalf of; to stand in for,Boya_Chapter_25
还,hai2,return,Boya_Chapter_25
严肃,yan2 su4,strict; earnest; solemn; solemnity,Boya_Chapter_25
表示,biao3 shi4,to express; to show; to express; to say; to state; to indicate,Boya_Chapter_25
安全,an1 quan2,safe; secure; safety; security,Boya_Chapter_25
了不起,liao3 bu5 qi3,remarkable; earnest; amazing; terrific; extraordinary,Boya_Chapter_25
接到,jie1 dao4,receive (letter etc.),Boya_Chapter_25
夫人,fu1 ren5,lady; madam; Mrs.,Boya_Chapter_25
双胞胎,shuang1 bao1 tai1,twin,Boya_Chapter_25
捎,shao1,bring or take (along),Boya_Chapter_25
话儿,hua4 er2,message,Boya_Chapter_25
深夜,shen1 ye4,very late at night,Boya_Chapter_25
司机,si1 ji1,chauffeur; driver,Boya_Chapter_25
陪,pei2,to accompany; to keep sb. company,Boya_Chapter_25